{"current_epoch": 250, "training_losses": [0.046556659042835236, 0.006157184951007366, 0.004564843140542507, 0.00402271980419755, 0.0037244921550154686, 0.0029681259766221046, 0.0028406959027051926, 0.0022573620080947876, 0.0026362247299402952, 0.0021582250483334064, 0.002060702769085765, 0.00207697250880301, 0.0022226127330213785, 0.0018908793572336435, 0.002015745034441352, 0.0018403109861537814, 0.0019120477372780442, 0.0019528199918568134, 0.0018193405121564865, 0.0019522783113643527, 0.0021052416414022446, 0.0017737011658027768, 0.002823315793648362, 0.002535708248615265, 0.0023605593014508486, 0.0021278036292642355, 0.00206026341766119, 0.0023198334965854883, 0.002093532821163535, 0.0020185234025120735, 0.002266725990921259, 0.001959989545866847, 0.0020031144376844168, 0.002021297113969922, 0.0013858366291970015, 0.0014309942489489913, 0.0014989624032750726, 0.0014766629319638014, 0.0014956013765186071, 0.0014660748420283198, 0.001453171600587666, 0.0015432023210451007, 0.001414506696164608, 0.0014464950654655695, 0.0014812378212809563, 0.0013942375080659986, 0.0014377407496795058, 0.0014049066230654716, 0.0014640975277870893, 0.0014132466167211533, 0.001457956270314753, 0.0014334303559735417, 0.0014236320275813341, 0.001420118729583919, 0.0014139789855107665, 0.0014335592277348042, 0.001456263242289424, 0.0014292841078713536, 0.0013562130043283105, 0.001471634255722165, 0.0013625031569972634, 0.0016951150028035045, 0.001387604745104909, 0.0014292506966739893, 0.0014426186680793762, 0.0014613126404583454, 0.001417430816218257, 0.0013780953595414758, 0.0014703150372952223, 0.0014900702517479658, 0.0014474536292254925, 0.0014481735415756702, 0.001417422667145729, 0.0014877476496621966, 0.0014150743372738361, 0.0014328950783237815, 0.0014621028676629066, 0.0014206958003342152, 0.0011146188480779529, 0.0011344945523887873, 0.001189871341921389, 0.0011446584248915315, 0.0011721465270966291, 0.0011672846740111709, 0.0011552764335647225, 0.0011920963879674673, 0.0011729007819667459, 0.0012449832865968347, 0.0011964407749474049, 0.0011969500919803977, 0.0011839336948469281, 0.0012433878146111965, 0.0011796411126852036, 0.0012142715277150273, 0.0010319130960851908, 0.0010553920874372125, 0.0010486884275451303, 0.0010581533424556255, 0.0010623559355735779, 0.0010629227617755532, 0.0010670562041923404, 0.0010763606987893581, 0.0010652430355548859, 0.0010725370375439525, 0.0010673148790374398, 0.0010702284052968025, 0.0010069820564240217, 0.001008549123071134, 0.0010243592550978065, 0.0010120347142219543, 0.001010500593110919, 0.0010137807112187147, 0.0010222909040749073, 0.0010146676795557141, 0.0010209375759586692, 0.0010084931273013353, 0.001017972594127059, 0.0010139326332136989, 0.0009810271440073848, 0.000985258142463863, 0.00098619784694165, 0.0009837179677560925, 0.0009828561451286077, 0.0009864561725407839, 0.0009841492865234613, 0.000984537648037076, 0.00098593276925385, 0.000986517290584743, 0.000986939761787653, 0.000987235689535737, 0.0009880790021270514, 0.0009899642318487167, 0.0009869240457192063, 0.0009864580351859331, 0.0009920046431943774, 0.0009936275891959667, 0.0009911309462040663, 0.0009872466325759888, 0.0009693066240288317, 0.0009708218858577311, 0.0009635838214308023, 0.0009697661735117435, 0.0009677367052063346, 0.000971273286268115, 0.0009652595035731792, 0.0009700011578388512, 0.0009625069214962423, 0.0009647660772316158, 0.0009665277902968228, 0.0009682871168479323, 0.0009700192022137344, 0.0009725138079375029, 0.0009698103531263769, 0.0009642640361562371, 0.0009634753223508596, 0.0009655540343374014, 0.0009622287470847368, 0.0009663439122959971, 0.0009528875234536827, 0.0009528154623694718, 0.0009552513365633786, 0.0009504181798547506, 0.000951772031839937, 0.0009518441511318088, 0.0009555328288115561, 0.0009504409972578287, 0.0009574692812748253, 0.000953284150455147, 0.0009531580144539475, 0.0009563250350765884, 0.000942917715292424, 0.00094178895233199, 0.0009440350695513189, 0.0009427662589587271, 0.0009438579436391592, 0.0009428112534806132, 0.0009439727873541415, 0.0009401884744875133, 0.0009458964341320097, 0.0009458091808483005, 0.0009461462614126503, 0.0009390963241457939, 0.000943665683735162, 0.0009416492539457977, 0.0009477644343860447, 0.0009436013060621917, 0.000941748614422977, 0.0009450010838918388, 0.0009442511363886297, 0.0009430231293663383, 0.0009436836699023843, 0.0009430588106624782, 0.000938949640840292, 0.0009369861800223589, 0.0009408725309185684, 0.0009383105207234621, 0.000936817959882319, 0.0009369425242766738, 0.000936660508159548, 0.0009378466056659818, 0.0009399291593581438, 0.0009439472923986614, 0.0009394057560712099, 0.0009396763634867966, 0.0009366076556034386, 0.0009370438638143241, 0.0009365918231196702, 0.0009375030640512705, 0.0009406055323779583, 0.0009383392753079534, 0.0009361080010421574, 0.0009417666005901992, 0.0009383830474689603, 0.0009388524340465665, 0.0009390267077833414, 0.0009387960890308022, 0.0009339801035821438, 0.000934400362893939, 0.0009355751681141555, 0.0009312306065112352, 0.0009350728360004723, 0.0009320089011453092, 0.0009360287804156542, 0.0009362015989609063, 0.0009335891809314489, 0.000937491247896105, 0.0009338341769762337, 0.000932448951061815, 0.0009355286601930857, 0.0009318134398199618, 0.0009295652853325009, 0.0009295024210587144, 0.0009310517925769091, 0.0009361791308037937, 0.0009343305719085038, 0.0009307864820584655, 0.0009314773487858474, 0.0009313010959886014, 0.0009308827575296164, 0.0009362103883177042, 0.000934295414481312, 0.0009327278821729124, 0.0009367233142256737, 0.0009331803885288537, 0.0009326880099251866, 0.0009302858379669487, 0.0009299211669713259, 0.0009318368975073099, 0.0009301240788772702, 0.0009318641386926174],