{"current_epoch": 175, "training_losses": [0.04843296855688095, 0.005745939444750547, 0.0044289217330515385, 0.003807322820648551, 0.0035746037028729916, 0.0035098905209451914, 0.0029720354359596968, 0.002965046325698495, 0.002804531017318368, 0.002338737715035677, 0.0024200226180255413, 0.0029360458720475435, 0.002811887999996543, 0.002529037883505225, 0.002132000168785453, 0.002044310327619314, 0.001963353017345071, 0.0024179955944418907, 0.0020561055280268192, 0.003407092532142997, 0.0023466937709599733, 0.0025437544099986553, 0.001952549209818244, 0.001533432281576097, 0.0015532862162217498, 0.0015623035142198205, 0.0015990670071914792, 0.0016852498520165682, 0.0016267423052340746, 0.0015357445226982236, 0.0018823022255674005, 0.0015133365523070097, 0.0015784132992848754, 0.0015880378196015954, 0.0015888254856690764, 0.0015314912889152765, 0.0015905878972262144, 0.0016258062096312642, 0.0016095445025712252, 0.001576447393745184, 0.0012672164011746645, 0.001318104681558907, 0.0012968474766239524, 0.001301734009757638, 0.0013268431648612022, 0.00130670506041497, 0.0013482748763635755, 0.0013391876127570868, 0.0012904433533549309, 0.0013837917940691113, 0.0013410707470029593, 0.001310270861722529, 0.0011674994602799416, 0.0011848167050629854, 0.0011723150964826345, 0.001174721634015441, 0.001178920385427773, 0.0011975386878475547, 0.0011772906873375177, 0.0011855827178806067, 0.0011838770005851984, 0.0011891877511516213, 0.0011847999412566423, 0.0011878146324306726, 0.0011854717740789056, 0.0011963893193751574, 0.0011802730150520802, 0.001187655609101057, 0.0011807738337665796, 0.0012041254667565227, 0.0011762476060539484, 0.0011903324630111456, 0.0011977797839790583, 0.0011899659875780344, 0.0011942171258851886, 0.0011840569786727428, 0.0012069419026374817, 0.0011867836583405733, 0.001198692712932825, 0.0011977218091487885, 0.0012045048642903566, 0.0011845397530123591, 0.0012168975081294775, 0.001187285059131682, 0.0011968659237027168, 0.001198620768263936, 0.0011831120355054736, 0.0012109692906960845, 0.0011186001356691122, 0.001115480437874794, 0.0011129784397780895, 0.0011182109592482448, 0.0011071607004851103, 0.0011220102896913886, 0.0011097941314801574, 0.0011165209580212831, 0.001119243330322206, 0.0011188554344698787, 0.0011167629854753613, 0.0011189443757757545, 0.0010758027201518416, 0.0010838201269507408, 0.0010777342831715941, 0.0010792423272505403, 0.0010748857166618109, 0.0010802990291267633, 0.0010781363816931844, 0.0010811028769239783, 0.0010833790292963386, 0.0010809736559167504, 0.0010832269908860326, 0.001075351145118475, 0.00108315737452358, 0.0010793489636853337, 0.0010896659223362803, 0.0010802170727401972, 0.0010807017097249627, 0.0010710188653320074, 0.0010785660706460476, 0.0010815865825861692, 0.0010864234063774347, 0.001083726529031992, 0.001081406488083303, 0.00108390673995018, 0.0010592640610411763, 0.0010551713639870286, 0.0010539176873862743, 0.0010548194404691458, 0.0010572581086307764, 0.0010587235447019339, 0.0010559699730947614, 0.0010528588900342584, 0.001054878463037312, 0.001057896064594388, 0.001057430519722402, 0.0010635505896061659, 0.0010354544501751661, 0.0010384044144302607, 0.0010368195362389088, 0.0010379150044173002, 0.0010340611916035414, 0.0010368131333962083, 0.0010354839032515883, 0.0010412192204967141, 0.0010339007712900639, 0.0010362693574279547, 0.0010300182038918138, 0.0010343968169763684, 0.0010352294193580747, 0.0010386172216385603, 0.0010383232729509473, 0.0010400712490081787, 0.0010370025411248207, 0.0010332458186894655, 0.001019559451378882, 0.001020687515847385, 0.0010189070599153638, 0.00102225283626467, 0.001021319068968296, 0.0010224106954410672, 0.0010247852187603712, 0.0010186303406953812, 0.0010207092855125666, 0.0010193188209086657, 0.0010235856752842665, 0.001020293217152357, 0.0010276755783706903, 0.0010218943934887648, 0.0010197216179221869, 0.0010249854531139135, 0.001023086835630238, 0.0010196760995313525, 0.0010209702886641026, 0.0010189121821895242, 0.0010209607426077127], "validation_losses": [0.00559961749240756, 0.004449825268238783, 0.004264083690941334, 0.0021349319722503424, 0.0016631009057164192, 0.00276169553399086, 0.003940956201404333, 0.002308247610926628, 0.0028627850115299225, 0.0038506505079567432, 0.001973351463675499, 0.002423918806016445, 0.0018071300582960248, 0.0014125832822173834, 0.0020810540299862623, 0.0018013195367529988, 0.0018645682139322162, 0.0018592930864542723, 0.0017376757459715009, 0.0015292660100385547, 0.0015042254235595465, 0.0015641757054254413, 0.0020863900426775217, 0.0019406727515161037, 0.001965191913768649, 0.0023468525614589453, 0.00151092279702425, 0.0014715841971337795, 0.00132826529443264, 0.0013244716683402658, 0.0016072397120296955, 0.0013675332302227616, 0.001289032632485032, 0.0014269002713263035, 0.0015346596483141184, 0.0017988516483455896, 0.001602582517080009, 0.0012885768665000796, 0.001482415827922523, 0.0013665310107171535, 0.0013180938549339771, 0.0013859081082046032, 0.0017062613042071462, 0.0014020241796970367, 0.0013215617509558797, 0.0014402085216715932, 0.0014309820253401995, 0.0014539466938003898, 0.0019556975457817316, 0.0013801312306895852, 0.0013404667843133211, 0.0013532451121136546, 0.001344264019280672, 0.0013574912445619702, 0.0012799318647012115, 0.0012539300369098783, 0.0014933889033272862, 0.001351597486063838, 0.0013533810852095485, 0.0013621203834190965, 0.0014133693184703588, 0.001339958282187581, 0.0013624869752675295, 0.0012737807119265199, 0.001269614789634943, 0.0013209923636168242, 0.0013271996285766363, 0.0013833724660798907, 0.0012732601026073098, 0.0012744087725877762, 0.0012142276391386986, 0.0013041612692177296, 0.0012192573631182313, 0.001320459763519466, 0.0012971473624929786, 0.0013435855507850647, 0.0012858533300459385, 0.001244000275619328, 0.0012752001639455557, 0.0012812719214707613, 0.0012108500814065337, 0.0012155870208516717, 0.0012489584041759372, 0.0012024922762066126, 0.0012139033060520887, 0.001238397671841085, 0.0011977831600233912], "train_av_time": 32.572494864463806, "val_av_time": 35.250890612602234, "total_time": 2.139048337274128, "best_val_loss": 0.0011977831600233912, "test_loss": 0, "test_loss_final": 0.0012478235876187682, "test_lossESR_final": 0.001663641887716949, "test_loss_best": 0.0011978310067206621, "test_lossESR_best": 0.0015968980733305216}