{"current_epoch": 175, "training_losses": [0.05403384566307068, 0.006379355676472187, 0.004562473855912685, 0.003862481564283371, 0.002979184966534376, 0.003087056800723076, 0.0023775945883244276, 0.0024861847050487995, 0.002708037616685033, 0.002189120277762413, 0.0022263876162469387, 0.002132384106516838, 0.0023255408741533756, 0.002192217158153653, 0.00212815566919744, 0.0020242398604750633, 0.0029828473925590515, 0.002070263959467411, 0.002050297101959586, 0.003281777026131749, 0.0017741222400218248, 0.0016719709383323789, 0.0019567229319363832, 0.0015126437647268176, 0.0016187392175197601, 0.001576614216901362, 0.0015967240324243903, 0.001637421315535903, 0.0015636152820661664, 0.0015951452078297734, 0.0015684947138652205, 0.0015572517877444625, 0.0015801808331161737, 0.0015982562908902764, 0.0015755845233798027, 0.0015520801534876227, 0.0015612387796863914, 0.001591838663443923, 0.0015608937246724963, 0.0016060267807915807, 0.0015028537018224597, 0.0016099232016131282, 0.0016049982514232397, 0.003414533333852887, 0.0023911718744784594, 0.0020994122605770826, 0.001859505893662572, 0.0017209950601682067, 0.001700282795354724, 0.0017080618999898434, 0.0013162129325792193, 0.0013130209408700466, 0.0013018903555348516, 0.0013070293935015798, 0.0012955416459590197, 0.001332880579866469, 0.001291619031690061, 0.001298420480452478, 0.0012795882066711783, 0.0013016503071412444, 0.0012925819028168917, 0.0013145547127351165, 0.0013085540849715471, 0.0013087309198454022, 0.0013280055718496442, 0.001283802674151957, 0.0013606668217107654, 0.0012655827449634671, 0.001318473368883133, 0.0012933688703924417, 0.0012836570385843515, 0.0012915610568597913, 0.0013099025236442685, 0.0012859912822023034, 0.0012860674178227782, 0.0012861862778663635, 0.0012956815771758556, 0.0012725041015073657, 0.001311209169216454, 0.0012766225263476372, 0.0013743680901825428, 0.0012494161492213607, 0.0012841082643717527, 0.001327070756815374, 0.0012557036243379116, 0.0012874654494225979, 0.0012551653198897839, 0.0012923168251290917, 0.0012772476766258478, 0.0013052227441221476, 0.0011219581356272101, 0.0011358448537066579, 0.0011163076851516962, 0.0011277957819402218, 0.0011201263405382633, 0.0011343031655997038, 0.001120892004109919, 0.0011228261282667518, 0.0011190486839041114, 0.0011210414813831449, 0.001124681206420064, 0.0011281786719337106, 0.0010536257177591324, 0.0010594817576929927, 0.0010536721674725413, 0.0010542861418798566, 0.0010518241906538606, 0.001055975561030209, 0.001059492351487279, 0.001053838524967432, 0.0010601542890071869, 0.0010511405998840928, 0.0010635327780619264, 0.00105723412707448, 0.0010238016257062554, 0.001016221009194851, 0.001014998066239059, 0.0010141809470951557, 0.0010165253188461065, 0.0010151223978027701, 0.001022482756525278, 0.0010140665108337998, 0.0010143076069653034, 0.001022401382215321, 0.0010173365008085966, 0.0010101472726091743, 0.0010179434902966022, 0.001013472443446517, 0.0009858091361820698, 0.0009892358211800456, 0.0009897510753944516, 0.0009860454592853785, 0.0009893327951431274, 0.000988488900475204, 0.0009895501425489783, 0.000991743989288807, 0.000984121928922832, 0.0009939201408997178, 0.0009856633841991425, 0.0009936124552041292, 0.0009849733905866742, 0.0009862668812274933, 0.000990239903330803, 0.0009927422506734729, 0.0009861089056357741, 0.0009909942746162415, 0.0009841083083301783, 0.0009859456913545728, 0.0009858508128672838, 0.0009878837736323476, 0.0009948569349944592, 0.0009876103140413761, 0.0009855752578005195, 0.0009881854057312012, 0.0009827654575929046, 0.0009812663774937391, 0.0009621360222809017, 0.0009651461732573807, 0.0009635415626689792, 0.0009655533358454704, 0.0009737563086673617, 0.0009633380686864257, 0.0009657171322032809, 0.0009673427557572722, 0.0009644339443184435, 0.0009651595610193908, 0.000975881761405617, 0.0009656071779318154, 0.0009678381029516459, 0.0009658661438152194, 0.0009519548038952053, 0.0009536464931443334, 0.0009535300196148455, 0.000952854345086962, 0.0009541993495076895], "validation_losses": [0.004883240442723036, 0.007581269834190607, 0.0025603603571653366, 0.0017743392381817102, 0.0020324517972767353, 0.0021864608861505985, 0.0026083847042173147, 0.002275117440149188, 0.004555894061923027, 0.00368688371963799, 0.001711393124423921, 0.0017905476270243526, 0.0016176530625671148, 0.0015989724779501557, 0.0019598533399403095, 0.0015983761986717582, 0.0015754173509776592, 0.001679000910371542, 0.0014893501065671444, 0.001844074111431837, 0.001684969407506287, 0.003700260305777192, 0.0025099299382418394, 0.015000570565462112, 0.002894278848543763, 0.0022145339753478765, 0.0019135825568810105, 0.0014736057491973042, 0.0015111537650227547, 0.001602489617653191, 0.002490989165380597, 0.0014073915081098676, 0.0013498978223651648, 0.001494217081926763, 0.0015643280930817127, 0.0021080486476421356, 0.0016674326034262776, 0.0014080526307225227, 0.0013371772365644574, 0.0015793013153597713, 0.0013973306631669402, 0.0019008752424269915, 0.0016430700197815895, 0.0018292678287252784, 0.001737600308842957, 0.0013437997549772263, 0.0015137079171836376, 0.0013973694294691086, 0.0015984512865543365, 0.0015142092015594244, 0.0015029504429548979, 0.0017694830894470215, 0.0014251614920794964, 0.0015731846215203404, 0.0013536368496716022, 0.0015182310016825795, 0.0014271788531914353, 0.0011981585994362831, 0.001466628280468285, 0.0012647751718759537, 0.0012963071931153536, 0.0013950223801657557, 0.0012776064686477184, 0.0012902376474812627, 0.0011931121116504073, 0.0012925436021760106, 0.0011824520770460367, 0.0013838938903063536, 0.001247137552127242, 0.001198145910166204, 0.0011855066986754537, 0.0011785364476963878, 0.0011986044701188803, 0.0011975549859926105, 0.0013262726133689284, 0.001319863018579781, 0.0012221088400110602, 0.0012132655829191208, 0.0011611038353294134, 0.0012945478083565831, 0.0012003597803413868, 0.0011773804435506463, 0.0012563595082610846, 0.0011927320156246424, 0.001182961161248386, 0.0011537986574694514, 0.001139720669016242], "train_av_time": 30.146451950073242, "val_av_time": 32.33103406429291, "total_time": 2.0155590964688193, "best_val_loss": 0.001139720669016242, "test_loss": 0, "test_loss_final": 0.001142387860454619, "test_lossESR_final": 0.0015230480348691344, "test_loss_best": 0.0011397681664675474, "test_lossESR_best": 0.0015178635949268937}