{"current_epoch": 175, "training_losses": [0.04381198063492775, 0.0037668102886527777, 0.003439780557528138, 0.002847295952960849, 0.0030401507392525673, 0.002868846757337451, 0.002410218119621277, 0.003695135237649083, 0.0029429870191961527, 0.002338803606107831, 0.0023185578174889088, 0.002211283426731825, 0.002985109807923436, 0.002431210596114397, 0.002274690428748727, 0.002867060713469982, 0.0020630143117159605, 0.002104338724166155, 0.00224688951857388, 0.002259216271340847, 0.0020236875861883163, 0.002007066970691085, 0.003936605993658304, 0.003139742184430361, 0.001969635719433427, 0.0024695470929145813, 0.001955098006874323, 0.002304891124367714, 0.0021453455556184053, 0.002512583276256919, 0.0027335756458342075, 0.0022225347347557545, 0.0020091207697987556, 0.0020709808450192213, 0.0019182470859959722, 0.0024521874729543924, 0.0020651232916861773, 0.0024525390472263098, 0.002391353016719222, 0.002290966920554638, 0.001815088908188045, 0.0020906315185129642, 0.0017837834311649203, 0.0029644006863236427, 0.0025031541008502245, 0.0020829045679420233, 0.0021180124022066593, 0.0018213088624179363, 0.0020488854497671127, 0.0020450095180422068, 0.0022120170760899782, 0.0020968716125935316, 0.0018237946787849069, 0.0021435178350657225, 0.0013778747525066137, 0.0015661302022635937, 0.0014368073316290975, 0.0014351520221680403, 0.0014174096286296844, 0.0014648610958829522, 0.0013798894360661507, 0.0014922847039997578, 0.0014267198275774717, 0.0016061728820204735, 0.0013929551932960749, 0.001567415427416563, 0.0014736183220520616, 0.0013809630181640387, 0.0014632497914135456, 0.0013694787630811334, 0.001418986706994474, 0.0014379722997546196, 0.0015927114291116595, 0.0015935493865981698, 0.0013649106258526444, 0.001416490413248539, 0.0014445737469941378, 0.001407889067195356, 0.0014419228537008166, 0.0015142011689022183, 0.0015493223909288645, 0.0013273496879264712, 0.0014481859980151057, 0.0015299625229090452, 0.0013771173544228077, 0.001539789605885744, 0.001340765506029129, 0.0014757788740098476, 0.0014119689585641026, 0.0014782052021473646, 0.0014773450093343854, 0.0014825408579781651, 0.0011156507534906268, 0.0011572579387575388, 0.0011399779468774796, 0.0011513145873323083, 0.0011597921838983893, 0.0011549810878932476, 0.0011643192265182734, 0.001170773641206324, 0.0012292311294004321, 0.0011455337516963482, 0.0011947614839300513, 0.0012148506939411163, 0.001131965545937419, 0.0011646372731775045, 0.0010622678091749549, 0.0010696869576349854, 0.0010795315029099584, 0.0010798912262544036, 0.0010647051967680454, 0.001065739314071834, 0.0011024404084309936, 0.0010636519873514771, 0.0010782835306599736, 0.001081492519006133, 0.001087635406292975, 0.0010693160584196448, 0.00106942153070122, 0.001073774415999651, 0.0010979949729517102, 0.0010632355697453022, 0.0010781766613945365, 0.00106990581844002, 0.0010725439060479403, 0.0010690843919292092, 0.0010876978049054742, 0.001056515728123486, 0.0010714932577684522, 0.0010793728288263083, 0.0010721152648329735, 0.0010674166260287166, 0.0010689322371035814, 0.0010713954688981175, 0.0010219343239441514, 0.0010304604656994343, 0.0010278719710186124, 0.0010277163237333298, 0.0010314816609025002, 0.001030764658935368, 0.0010241635609418154, 0.0010320693254470825, 0.0010296804830431938, 0.0010326732881367207, 0.001024524332024157, 0.0010331940138712525, 0.0010262064170092344, 0.0010305651230737567, 0.0010274216765537858, 0.0010287916520610452, 0.001028754049912095, 0.0010346085764467716, 0.0010261789429932833, 0.0010260598501190543, 0.001024473924189806, 0.0010276337852701545, 0.0010221096454188228, 0.0010290121426805854, 0.0010256132809445262, 0.001026679528877139, 0.001029307721182704, 0.0010258889524266124, 0.0010268720798194408, 0.0010234358487650752, 0.0010306896874681115, 0.001021759700961411, 0.0010329416254535317, 0.0010283035226166248, 0.0010252679930999875, 0.0010280871065333486, 0.0010236353846266866, 0.0010234240908175707, 0.001023078802973032, 0.0010277405381202698, 0.0010225247824564576], "validation_losses": [0.004001234658062458, 0.006138286087661982, 0.0021599982865154743, 0.0027075186371803284, 0.002047354355454445, 0.0050218552350997925, 0.002208532765507698, 0.0021052355878055096, 0.0027091808151453733, 0.0031288876198232174, 0.001925541670061648, 0.002762578194960952, 0.0027798584196716547, 0.004913436248898506, 0.0026997874956578016, 0.0032399657648056746, 0.0017319412436336279, 0.001991500612348318, 0.00351771991699934, 0.0016156015917658806, 0.0015219447668641806, 0.001857603550888598, 0.0023043565452098846, 0.0026804928202182055, 0.0017564477166160941, 0.004105875734239817, 0.003283177735283971, 0.0014639936853200197, 0.0015027031768113375, 0.0015538182342424989, 0.0027389670722186565, 0.00150470738299191, 0.0013970338040962815, 0.00685960752889514, 0.0013980517396703362, 0.006897091865539551, 0.0016196543583646417, 0.0015565329231321812, 0.0013901820639148355, 0.0013811495155096054, 0.0015364738646894693, 0.001512768561951816, 0.0014390306314453483, 0.0014228996587917209, 0.0020801671780645847, 0.0018913202220574021, 0.0013557497877627611, 0.0014109605690464377, 0.0017017476493492723, 0.0017357211327180266, 0.001599451177753508, 0.0014424221590161324, 0.0015028091147542, 0.001440457534044981, 0.001342240022495389, 0.0014577284455299377, 0.0012845986057072878, 0.0014769502449780703, 0.001639597350731492, 0.0015070090303197503, 0.0012407643953338265, 0.0012930777156725526, 0.0015381037956103683, 0.0013778677675873041, 0.0013751130318269134, 0.0012445520842447877, 0.0015442698495462537, 0.0014576510293409228, 0.001444883062504232, 0.0012363508576527238, 0.001305704121477902, 0.00121620437130332, 0.0012656508479267359, 0.0013558900682255626, 0.001344344113022089, 0.0012928235810250044, 0.0013861083425581455, 0.0012151665287092328, 0.0012889171484857798, 0.0013730630744248629, 0.0012426404282450676, 0.0011984407901763916, 0.0012699028011411428, 0.0013446783414110541, 0.0014315856387838721, 0.0013081830693408847, 0.001218906487338245], "train_av_time": 30.607445120811462, "val_av_time": 32.14624273777008, "total_time": 2.445052490168148, "best_val_loss": 0.0011984407901763916, "test_loss": 0, "test_loss_final": 0.0012886428739875555, "test_lossESR_final": 0.0017181637231260538, "test_loss_best": 0.0011984407901763916, "test_lossESR_best": 0.0015977686271071434}