{"current_epoch": 250, "training_losses": [0.0051064505241811275, 0.0020891630556434393, 0.005270140245556831, 0.002259748289361596, 0.002221727278083563, 0.0021428109612315893, 0.00213649682700634, 0.0025659494567662477, 0.0021120368037372828, 0.0020617421250790358, 0.0031815858092159033, 0.0019959539640694857, 0.00219569425098598, 0.002615972887724638, 0.0018879517447203398, 0.0021083704195916653, 0.0020349184051156044, 0.002677332377061248, 0.002074675401672721, 0.0027526302728801966, 0.0019962142687290907, 0.002062575425952673, 0.0032312131952494383, 0.002408480504527688, 0.00200765673071146, 0.001982791582122445, 0.0020640059374272823, 0.002205085474997759, 0.0018499543657526374, 0.0019822262693196535, 0.0021174727007746696, 0.002541821915656328, 0.0018679286586120725, 0.00203136564232409, 0.0013278336264193058, 0.0013413983397185802, 0.0014378130435943604, 0.0014558127149939537, 0.0014274494023993611, 0.0014476082287728786, 0.0014267907245084643, 0.0014936859952285886, 0.0014091748744249344, 0.0014206726336851716, 0.0014956870581954718, 0.0014160636346787214, 0.0014947386225685477, 0.0014627831988036633, 0.0011527612805366516, 0.0012030331417918205, 0.0012096076970919967, 0.0011873510666191578, 0.0012033655075356364, 0.001219864934682846, 0.0011965775629505515, 0.0012637432664632797, 0.0012066855560988188, 0.001243389560841024, 0.0012149729300290346, 0.0012235811445862055, 0.0012195493327453732, 0.0012235554168000817, 0.0012598789762705564, 0.001240735873579979, 0.0010852557606995106, 0.0011043503182008862, 0.0010899326298385859, 0.0010971776209771633, 0.0010925190290436149, 0.0011085448786616325, 0.0010973683092743158, 0.0011011366732418537, 0.0011066567385569215, 0.0011053913040086627, 0.0011087320744991302, 0.0011028771987184882, 0.001122630899772048, 0.0011062283301725984, 0.0010438524186611176, 0.0010506320977583528, 0.0010493961162865162, 0.0010450726840645075, 0.0010545644909143448, 0.001043218420818448, 0.0010526800760999322, 0.001049256999976933, 0.0010433699935674667, 0.001055816188454628, 0.0010566894197836518, 0.0010488183470442891, 0.001052938518114388, 0.0010581876849755645, 0.0010452431160956621, 0.0010561258532106876, 0.001005446771159768, 0.0010117959463968873, 0.001012024818919599, 0.0010145416017621756, 0.0010200360557064414, 0.001012443215586245, 0.0010119664948433638, 0.0010227791499346495, 0.0010129660367965698, 0.0010125121334567666, 0.001013368833810091, 0.0010136550990864635, 0.000987126724794507, 0.0009895558468997478, 0.0009934442350640893, 0.0009937725262716413, 0.0009922502795234323, 0.0009841027203947306, 0.000989362015388906, 0.000991093460470438, 0.0009964563651010394, 0.000987170496955514, 0.0009880593279376626, 0.000984749523922801, 0.0009889452485367656, 0.0009871594374999404, 0.0009952986147254705, 0.0009892317466437817, 0.0009924882324412465, 0.000992822227999568, 0.0009928880026564002, 0.0009891745867207646, 0.0009913158137351274, 0.0009907108033075929, 0.0009919055737555027, 0.0009917606366798282, 0.0009943696204572916, 0.000991340377368033, 0.0009904560865834355, 0.0009939478477463126, 0.0009936726419255137, 0.0010003692004829645, 0.0009918363066390157, 0.000995161710307002, 0.0009916563285514712, 0.0009978811722248793, 0.000988407526165247, 0.0009945553028956056, 0.0009741811663843691, 0.0009799804538488388, 0.0009721918031573296, 0.0009751407778821886, 0.0009687697747722268, 0.0009737815707921982, 0.0009741969988681376, 0.0009734945488162339, 0.0009748712764121592, 0.0009752764017321169, 0.0009746603900566697, 0.0009722180548124015, 0.0009701147791929543, 0.0009707522112876177, 0.0009691129671409726, 0.0009739549132063985, 0.000972899841144681, 0.000973209273070097, 0.0009770338656380773, 0.0009711657767184079, 0.000974019174464047, 0.0009715373162180185, 0.0009750223834998906, 0.000970523979049176, 0.000978113035671413, 0.0009737049113027751, 0.0009714727057144046, 0.0009759546956047416, 0.0009759292588569224, 0.0009695849730633199, 0.0009722597314976156, 0.0009703485993668437, 0.0009726656135171652, 0.0009683576645329595, 0.0009719458175823092, 0.0009696825873106718, 0.0009754553902894258, 0.0009741818066686392, 0.0009787480812519789, 0.0009658876224420965, 0.0009744023554958403, 0.0009710672311484814, 0.0009802239947021008, 0.0009725376730784774, 0.0009586791857145727, 0.0009645807440392673, 0.0009597818716429174, 0.0009615682647563517, 0.000961718731559813, 0.000959226512350142, 0.0009627014514990151, 0.0009604332153685391, 0.000965260318480432, 0.0009623847436159849, 0.0009627961553633213, 0.0009590964182280004, 0.000951566151343286, 0.0009522681357339025, 0.0009547712397761643, 0.0009572142153047025, 0.0009542466141283512, 0.0009544474887661636, 0.0009514456614851952, 0.0009514532866887748, 0.000951728958170861, 0.0009522979380562901, 0.0009547748486511409, 0.0009523096377961338, 0.0009511813404969871, 0.0009554440039210021, 0.0009519784362055361, 0.0009526716312393546, 0.0009525897912681103, 0.0009514280245639384, 0.0009467084310017526, 0.0009465328184887767, 0.0009496202692389488, 0.0009450822253711522, 0.0009483631001785398, 0.0009456907282583416, 0.0009487707284279168, 0.0009486785857006907, 0.0009481277083978057, 0.000949830689933151, 0.0009465827606618404, 0.0009448576020076871, 0.0009485852788202465, 0.0009467137278988957, 0.0009453255333937705, 0.000944108294788748, 0.0009473172831349075, 0.0009494816185906529, 0.0009500543819740415, 0.0009456338593736291, 0.0009466139599680901, 0.0009463588357903063, 0.0009467829368077219, 0.0009514672565273941, 0.0009489516378380358, 0.0009466345654800534, 0.000948594999499619, 0.0009448083001188934, 0.0009436187101528049, 0.0009436766267754138, 0.000942815444432199, 0.0009444669703952968, 0.0009421416907571256, 0.0009431220823898911],