{"current_epoch": 175, "training_losses": [0.02571365423500538, 0.00407126871868968, 0.0036242303904145956, 0.003573324764147401, 0.0029753230046480894, 0.002366882050409913, 0.0025485206861048937, 0.0022729982156306505, 0.0026479854714125395, 0.002181282499805093, 0.0027089302893728018, 0.001900046830996871, 0.0025482135824859142, 0.0028648485895246267, 0.00200174399651587, 0.0022331424988806248, 0.0019222372211515903, 0.0020868880674242973, 0.002151158172637224, 0.0019554414320737123, 0.002328731119632721, 0.0018312912434339523, 0.003043382428586483, 0.0024572114925831556, 0.002875453094020486, 0.002191065577790141, 0.0028051109984517097, 0.002009606221690774, 0.0022273105569183826, 0.0018004600424319506, 0.0022327799815684557, 0.0018159246537834406, 0.001794393640011549, 0.002232687082141638, 0.0012620476773008704, 0.0012786611914634705, 0.0013066311366856098, 0.0013756121043115854, 0.0012664574896916747, 0.0013858492020517588, 0.001357292989268899, 0.001326919998973608, 0.0012250145664438605, 0.0012210085988044739, 0.0013600050006061792, 0.001210701302625239, 0.0012549543753266335, 0.0011898428201675415, 0.001237913966178894, 0.0014038392109796405, 0.0012375382939353585, 0.001215294818393886, 0.0013133427128195763, 0.0011851465096697211, 0.0009449871140532196, 0.0009703628602437675, 0.0009832970099523664, 0.0009879176504909992, 0.0009606863604858518, 0.0010084304958581924, 0.0009720554808154702, 0.0010220614494755864, 0.0009847447508946061, 0.0010611646575853229, 0.0009686199482530355, 0.0010264388984069228, 0.0011320544872432947, 0.000932089111302048, 0.0010347445495426655, 0.000962616060860455, 0.0009761597611941397, 0.00100195303093642, 0.0009950743988156319, 0.0010396677535027266, 0.0009612608700990677, 0.0009869097266346216, 0.0009761837427504361, 0.0009753921767696738, 0.001034202752634883, 0.0009785775328055024, 0.0010536491172388196, 0.0009418303961865604, 0.0009881299920380116, 0.0010401398176327348, 0.0009617294417694211, 0.0010151582537218928, 0.0010080861393362284, 0.0009761490509845316, 0.0009700059308670461, 0.0009979750029742718, 0.0008597546257078648, 0.0008854095358401537, 0.0008653626427985728, 0.0008777815965004265, 0.0008585448376834393, 0.0008737099124118686, 0.0008718895260244608, 0.0008779061608947814, 0.0009012906812131405, 0.0008875972707755864, 0.0008810714934952557, 0.0008675884455442429, 0.0008210765663534403, 0.0008298986358568072, 0.0008258544839918613, 0.0008270200341939926, 0.0008299208711832762, 0.000826544186566025, 0.0008333554142154753, 0.0008290943223983049, 0.0008280167821794748, 0.0008271097904071212, 0.0008480620454065502, 0.0008240354363806546, 0.0008367724949494004, 0.0008446252904832363, 0.0008371988078579307, 0.0008420591475442052, 0.0008234621491283178, 0.0008314441656693816, 0.0008391878218390048, 0.000833784812130034, 0.0008339346386492252, 0.0008308873511850834, 0.0008307091775350273, 0.0008286093943752348, 0.0008380078361369669, 0.0008244735654443502, 0.000835210143122822, 0.0008318747277371585, 0.0008340204367414117, 0.0008312354329973459, 0.0008291829726658762, 0.0008323819492943585, 0.0008004929986782372, 0.0008083296124823391, 0.0008038151427172124, 0.0008037987863644958, 0.0008065662696026266, 0.0008091857889667153, 0.0008010829333215952, 0.0008071442716754973, 0.0008063270361162722, 0.0008099114056676626, 0.0008017772925086319, 0.0008080878760665655, 0.0007885967497713864, 0.0007924693636596203, 0.0007939313654787838, 0.0007923619705252349, 0.000792839506175369, 0.0007965211989358068, 0.0007932003354653716, 0.0007922659860923886, 0.0007906744140200317, 0.0007907893159426749, 0.0007899563061073422, 0.000794244697317481, 0.0007929300190880895, 0.0007940392242744565, 0.0007943858508951962, 0.0007915027672424912, 0.0007951339357532561, 0.0007933508022688329, 0.0007949410355649889, 0.0007907294784672558, 0.0007980794762261212, 0.000795417872723192, 0.0007931440486572683, 0.0007948751444928348, 0.0007926457328721881, 0.0007933349115774035, 0.0007939899223856628, 0.0007955769542604685, 0.0007954648463055491], "validation_losses": [0.0043131099082529545, 0.014196480624377728, 0.002573122503235936, 0.0017922465922310948, 0.0017629157518967986, 0.0018680550856515765, 0.002902753883972764, 0.0020639998838305473, 0.003182237269356847, 0.003992109559476376, 0.001581659889779985, 0.001955896383151412, 0.0023262491449713707, 0.002041061408817768, 0.0020600580610334873, 0.005518742837011814, 0.0016553138848394156, 0.001624418655410409, 0.0015930726658552885, 0.0015005291206762195, 0.0012973123230040073, 0.0016444080974906683, 0.0014293028507381678, 0.006414614152163267, 0.002314531011506915, 0.001697930390946567, 0.0014473320916295052, 0.001151118311099708, 0.0012750691967085004, 0.0011365637183189392, 0.0011763585498556495, 0.001157540362328291, 0.0011081908596679568, 0.0015272810123860836, 0.0011188326170668006, 0.0024851125199347734, 0.0013325164327397943, 0.0011577270925045013, 0.0010690628550946712, 0.0012316957581788301, 0.0011291481787338853, 0.0011062901467084885, 0.0011719625908881426, 0.0012975065037608147, 0.0012471548980101943, 0.0010918088955804706, 0.0011437056818976998, 0.0011832215823233128, 0.0011791771976277232, 0.0025421464815735817, 0.001102135400287807, 0.0010712016373872757, 0.00111569173168391, 0.0010796795831993222, 0.0010154289193451405, 0.0010111446026712656, 0.0010367236100137234, 0.0010709393536671996, 0.0010795712005347013, 0.0010320940054953098, 0.000996328890323639, 0.001064689364284277, 0.0010335021652281284, 0.0011497074738144875, 0.0010093904566019773, 0.0010278450790792704, 0.0010807352373376489, 0.0010340712033212185, 0.0010411737021058798, 0.0010432515991851687, 0.001044653938151896, 0.0010135577758774161, 0.0010211149929091334, 0.001047650002874434, 0.0010077388724312186, 0.0010538104688748717, 0.0010062188375741243, 0.0010043057845905423, 0.00099221954587847, 0.0011821079533547163, 0.0010047744726762176, 0.0009983261115849018, 0.0009920893935486674, 0.0010088887065649033, 0.0009949140949174762, 0.001017525908537209, 0.0009952476248145103], "train_av_time": 31.70070505142212, "val_av_time": 32.47949194908142, "total_time": 2.0993519896268835, "best_val_loss": 0.0009920893935486674, "test_loss": 0, "test_loss_final": 0.0010393651900812984, "test_lossESR_final": 0.0013836786383762956, "test_loss_best": 0.0009921371238306165, "test_lossESR_best": 0.0013225572183728218}